0,1,2,3,4,5,6,7,8,9,10,11,12,13,14,15,16,17,18,19,20,21,22,23,24,25,26,27,28,29,30,31,32,33,34,35,36,37,38,39,40,41,42,43,44,45,46,47,48,49
-4.673504,-3.4843402,-6.170454,5.228992,0.5151672,-4.27683,-2.35321,0.17613918,-4.893206,3.4805682,0.4223094,4.7572603,-2.2356625,-1.612395,-3.036333,-4.200682,3.0602276,3.220844,-7.9615746,-3.5786192,-3.4800289,-3.5691903,-3.8924184,1.3915639,2.7775345,-3.1634457,-3.029671,-5.9607873,3.0790849,-5.2802672,3.2600613,6.5798354,-3.295578,0.5174156,0.8809296,-1.2167367,-0.14155523,-3.3372452,-1.512102,3.8823307,-3.7663262,-1.3766855,3.6229737,-5.7572937,1.3145221,-3.789157,1.5323998,-0.041522525,1.5634528,-1.6679126
2.4376624,-3.271297,-3.6453786,-4.527864,2.6296115,7.07472,-0.6592513,-0.310332,-5.417015,3.7586517,-2.6784809,10.217653,3.108849,-3.8454628,-1.3633032,-5.7122717,4.1852455,3.2094798,-1.6550988,-1.6038344,-6.1949415,0.33506933,-6.467384,-7.302322,-4.733503,-2.290276,-8.4352665,-6.381662,3.3597088,3.822305,3.971083,5.157178,-10.482654,-4.1092668,7.0514083,2.5562563,4.3853846,-5.526616,6.2214804,2.3477054,-4.9573283,2.2559252,-4.4407716,-6.2757277,-0.19194496,5.6005,6.60079,-7.8643703,8.921932,-0.63443685
-1.6956123,-3.0277717,-3.262646,0.10496537,-3.2620728,-0.23983128,0.34931538,3.2569277,-0.06160483,2.8097444,0.8905933,0.4652286,-0.06985702,0.9713212,2.1184392,-5.4527793,-1.6320732,0.6669703,-2.33597,1.3828462,1.2545773,-0.3481405,-2.2407672,5.5796857,-2.829184,0.046086863,-1.8528955,-1.0209112,-2.1352618,-1.0246711,5.0712743,2.2324233,-1.6277707,1.2028766,-1.4980837,0.8149759,-0.47333118,0.43540236,-0.07499966,0.3533235,0.71256244,0.9887156,-0.04148842,-4.756543,1.929604,0.51153916,1.3811312,1.9121438,2.9868968,-0.12761313
-3.88016,7.2848105,3.480835,-4.167568,-7.0712776,1.5608461,0.9663126,4.1182,-4.0017653,-1.2524813,6.4544635,5.1579485,4.8355665,-3.4542649,1.7389148,-7.4303784,-1.6397303,-0.73991394,-6.660064,-4.7877164,-0.5056744,0.5060859,-0.707066,6.244232,1.1854016,3.5712392,3.3020713,-2.398512,-7.142121,-2.8431463,7.184443,2.3156416,-8.861953,-0.75675917,-2.2392633,3.4586957,4.826563,-2.7198107,6.301122,1.4900308,-6.4275675,5.403088,4.0565324,1.0872205,-0.062264413,5.0300555,1.6589488,-0.9926091,5.87253,1.526989
-3.886328,-2.6378489,-1.9020382,-1.9560747,-0.0031700928,-0.306769,-0.1933873,1.5373267,-1.43361,3.173718,0.6577569,3.8655376,-0.23964824,0.25097466,-2.1208386,1.3832785,3.944256,3.0917304,-1.9621178,2.17486,-3.821972,-1.0916883,-2.8815293,4.6817474,2.0091386,0.35083514,-1.2196934,-3.8482869,-1.4283441,-0.8129739,2.0543878,1.8606591,-2.1252286,-2.4085953,-1.9417585,3.6740923,0.8804961,-3.0670035,-2.6274974,1.0421647,-2.0130446,3.757406,-5.4436326,0.34442046,-0.2932386,2.4461448,-1.804974,0.0360911,4.613067,0.5525017
-3.853771,-3.4924576,-2.424762,-1.0949196,-2.2355475,0.34177032,0.9438549,4.7134743,-0.120902486,1.6298518,2.1068048,3.2105422,1.596406,-0.5890521,-0.11339646,0.2767003,4.116423,1.6997931,-1.1439834,1.8832917,-3.2170851,0.7313661,-2.521491,4.6644335,2.1640263,0.018321501,-4.416436,-3.3220153,-2.840486,-3.1417217,1.4851291,3.8949347,-2.4804866,-0.68707603,-2.8163517,3.6253228,0.36367357,-3.849933,-3.347267,1.750821,-1.8448805,3.4005132,-5.545837,0.596022,1.713494,2.207275,-2.8229427,-0.22516005,6.08686,-0.026556125
-2.8126464,-3.7781024,-2.8228505,-0.8570828,-1.5654004,0.2777866,0.2617223,3.421365,0.27180916,1.4608858,1.1078824,3.1628046,1.1211269,-0.7931959,-0.2904519,0.24302015,3.9294145,1.8395883,-0.76558596,1.4878019,-2.7778802,0.2628479,-2.028355,4.7099137,1.9715203,-0.293946,-4.183482,-3.3655016,-1.6965241,-2.9771674,1.3811954,3.875802,-2.3987246,-0.7867509,-2.0110137,2.7814994,0.039787,-3.7031243,-3.2618456,1.8886715,-1.808831,3.270101,-5.4102073,-0.29388458,0.33200425,1.6467152,-2.3085039,-0.6207584,4.898143,0.5705602
-3.750132,-2.634472,-2.0482621,-2.1244507,-1.0677238,-0.49891496,-0.0044375802,1.99849,-1.5220394,2.9251165,0.44776514,3.8721082,0.45843816,-0.3696398,-1.914854,0.7441651,4.0151987,2.6079774,-1.9075544,2.1094615,-2.8213658,-1.1351869,-2.7634976,4.420038,1.7096406,0.70891637,-1.1205635,-3.7248442,-1.6291348,-1.0465227,0.9544023,1.9408635,-2.2919276,-2.2198653,-2.3177316,4.112773,0.7942867,-2.99791,-2.6688635,0.7069135,-1.2574325,3.5255294,-5.4875994,0.60575354,0.081700966,2.6253698,-2.5177608,0.11534457,4.4212575,0.06550356
-1.5428681,-4.9495435,-1.4664917,-2.8297157,-1.0018077,-0.3942475,-1.5288343,0.3872092,-2.1665444,1.2593517,-0.6858683,1.2878938,1.0260803,3.5628383,-1.5442052,1.4889289,-0.32276678,0.6836397,-2.3548763,0.49197719,-1.5772934,0.099626884,0.5216739,3.423353,1.4062479,1.2261873,2.9018466,-0.64969283,-2.099105,0.7127914,2.9890785,3.6462514,-1.1147472,0.09354875,0.30740738,3.077519,0.39882946,-2.6702156,2.8426,2.4959466,-1.1708193,1.3988056,-1.9643307,-2.7861948,-1.4183948,0.10617557,1.9644011,-2.2260623,2.5911217,2.178084
3.868057,-4.533359,-0.75264794,-1.2430681,-1.2288576,1.1209219,1.2493515,0.037427608,-0.6642969,-0.2593814,1.7241421,2.5877314,-0.3860821,1.5346729,0.35144433,0.19077256,1.8355318,0.9241064,-2.4391572,-1.0957438,0.7083408,-2.434395,-0.052325517,3.8109694,-0.68910307,-0.32398728,-4.0155287,-2.6741602,-2.5146546,-0.25176167,2.7033036,4.8070025,-2.543641,-1.7446877,0.9037952,-1.1497971,-0.62528324,-3.3420126,0.6137025,3.424618,0.9154111,1.593205,1.5087624,-4.6787386,0.9087104,1.9090691,-1.4568233,-4.458005,0.2745662,1.0978757
-0.7811284,-1.4317392,0.43460795,-0.87298465,0.23797794,0.17090897,0.46573952,2.0638158,-3.8070393,-0.25647062,0.9975856,1.8682562,0.88070387,-0.05799609,0.79544187,0.3201111,0.24942766,2.2483866,-2.6841173,0.471814,-1.6457461,-1.1705765,-0.73484707,1.6631843,0.6847103,1.0932008,-2.038481,-1.4688976,-2.54913,0.8175758,3.3021972,1.371176,-1.4356338,1.9115068,0.6190534,1.649861,0.8477323,-1.297747,3.6937885,1.5386358,0.7848868,0.6172755,0.558712,-2.1995673,1.6430283,0.7356974,1.8639557,-2.539787,2.0415628,0.07561629
0.57302356,0.13407704,0.98949677,-1.841296,0.010486256,0.57609487,-0.48405123,3.3691957,-2.6065357,-0.6887405,4.9277334,1.3317567,-1.0817974,0.55428046,-1.949555,1.5238928,1.0277987,1.9184021,-2.109349,-0.16793068,-2.8685997,-0.75206923,-0.63327783,0.66016936,-0.4198523,0.5064636,-0.9990067,-1.6313456,-3.4728384,3.0061212,4.8328567,1.9129083,-1.5590829,1.26742,-0.7943144,0.12874329,-2.0596118,-2.1726124,2.3863816,3.158649,-0.20467053,2.180182,0.047580957,-2.1106477,1.8183247,0.015819604,0.92010987,-2.6492388,1.4417418,1.6823143
-1.60973,-1.4843713,-1.7987229,-0.76381516,-0.18770923,1.6636435,-1.5139027,1.9156913,-4.8431015,3.162446,3.5200245,0.66063297,-1.0488054,-0.112561,-3.903268,1.3236339,2.7301445,1.0400335,-1.0506974,-2.7703233,-3.4180708,-2.1503935,-0.46398285,-1.3740852,1.1195892,1.0802652,1.5101316,-0.2778139,-1.7308503,2.8736846,4.722883,1.595554,-1.8192201,1.1175191,1.1484706,-0.12906015,-3.3944688,-0.8621289,1.0934194,3.0393062,0.85731983,2.354614,-3.5139642,-4.143994,1.0286533,-0.6471191,1.3825066,-1.0735201,3.9076004,1.7115705
-2.0749853,-2.277936,-2.1295385,0.7288894,0.5755305,2.6435862,-0.9386832,2.8567207,-4.971616,3.1533887,3.195281,1.6608187,-1.4983474,-0.46158865,-3.9121444,1.1268713,2.6251292,1.2857248,-1.801163,-4.333541,-3.5561638,-2.3369243,0.022899749,-1.6750674,1.0344052,1.8143512,0.77641445,-0.3945274,-1.2194533,2.459702,4.085568,3.1854954,-0.6407166,1.3652456,-0.6277894,1.8400341,-3.9743745,-1.2413441,-0.72047275,2.4963858,0.65908945,3.5178425,-2.8078809,-4.8819704,2.2081993,-2.469343,1.3510226,-0.70274055,3.0690053,2.6411407
-0.6523256,0.005477972,-1.5417907,-1.4510655,0.119337,3.147289,-0.7840245,1.8811479,-4.4755697,2.0699606,4.225697,0.33339372,-1.3684483,-0.9299792,-2.7928333,0.61658466,2.168724,1.1600956,-1.2288764,-3.3298962,-4.032823,-0.9951058,0.14405052,-1.7942961,0.7500198,1.8146309,1.4783927,0.32430282,-0.4969332,2.813544,5.7756195,2.2843437,-2.1541004,0.97382593,1.5510356,0.48049068,-1.5010396,-1.4059409,1.7458957,2.390969,0.5122712,3.4086099,-2.8623297,-4.0139136,1.3727014,0.52985406,1.9335331,-0.76111865,4.7997403,2.8462791
-0.8299488,-1.5220497,-3.1000702,0.20450185,0.16745609,1.4899048,-2.1892996,1.861074,-4.1904535,2.6896524,2.8640308,0.9265212,-0.52323323,-0.38401496,-2.3851202,0.7333365,2.813979,1.4476378,-0.70649254,-3.298494,-4.750896,-1.845832,-0.73004895,-0.6714952,2.2955751,2.6503854,2.3757074,-0.18136647,-0.57514125,2.2357845,4.579409,2.4059398,-1.2436619,1.5108459,1.5158747,1.0089742,-1.0656568,-0.70793575,2.6401436,2.4618185,-0.9404685,3.7635205,-3.2736084,-4.3843923,0.42479253,-0.34090906,1.9406161,-0.3213104,4.670188,2.755257
-1.4257798,-1.670454,-2.656557,-2.8119967,-3.7078383,3.2288766,-4.29529,2.3246596,-5.8711376,3.8690557,0.4725436,4.118104,1.7240946,-3.3886049,-3.0774438,-1.6266856,1.10149,1.1955013,3.284279,-1.5696511,2.6023586,-1.4452666,-6.3892527,-0.5499691,3.0777366,1.2562987,-5.916103,1.2049284,-0.6590702,-1.2373985,-0.1713191,3.6915982,-7.2728896,1.5463634,3.2515938,0.34159446,2.8945925,-3.2993243,5.688604,-0.32245737,-2.6597521,1.3187854,-3.7247283,-2.7838886,-1.8189236,3.30111,2.9324825,-0.76907057,1.8033142,3.8354337
-1.237873,-4.7372856,-3.1566706,-2.628624,-1.6920832,1.3346764,-0.14194684,2.0153112,-4.0581727,2.4164886,-0.9013268,2.865208,0.04904502,1.2055647,1.7675459,-2.8785672,0.65915245,-1.6348584,-4.5395975,-5.304467,-1.8886921,-2.6116648,-2.2449188,0.8448727,0.9763075,2.7055554,-1.9028726,0.55338264,0.0017725441,-0.15977758,-0.34230134,2.968983,0.82027227,2.5390313,1.5959985,4.4860816,2.1175025,-0.2511604,5.3200564,0.81459427,0.110308744,1.931145,-1.7551748,-1.294667,0.1144345,-0.9330629,-0.070367984,-0.07762895,3.9179652,0.04571203
-1.2984077,-3.6366823,-1.8507189,-2.1918619,-1.5251033,3.6691566,0.3899914,2.2984421,-3.1319134,1.2581687,0.01955372,3.3914168,0.032332648,0.17994723,1.3619628,0.051916853,-1.1856122,-0.5447023,-1.7811806,-1.4545839,-0.38665923,-0.6761501,-1.1734908,2.5037222,2.3018448,1.0539938,-2.9349456,-1.4738339,-1.8922678,-1.6322902,-0.5420586,3.411678,-0.81931925,0.8383629,0.48148826,4.234127,1.9965501,-3.0792985,2.4536946,-1.0420139,1.4392827,3.290353,-2.8355353,-0.46187574,-0.04557868,1.0334847,-0.18401432,-1.4947907,2.9924443,3.0564952
-0.3326037,-3.9768643,-5.6837997,0.10518782,-0.7606732,0.54584,-1.5208187,4.552665,-3.9277608,1.3811358,-2.3508148,5.402931,-0.7032053,-4.112405,0.23029564,-0.5967335,-0.3264733,2.6533544,-3.0731359,-1.5407063,-0.8384854,-2.2906077,-3.8755896,-0.24214606,-0.44358426,1.9798678,-3.74957,-2.7658606,0.16233446,-1.9209576,-0.35632807,5.759198,-1.9684205,0.7030181,2.3927164,4.5648236,3.0169446,-4.363012,-0.034408435,0.9174217,0.38977224,2.0264115,0.23709138,-0.70897996,0.8484444,1.5479474,-1.958908,-2.5055168,1.2229674,1.6139482
-1.4052153,-5.543191,4.4750967,-3.052657,-1.1008791,2.5785153,0.698092,4.166123,-4.6948695,-0.009749158,0.8807725,3.0326247,-0.25046456,-2.3299766,-1.1481322,-3.448911,2.0866094,0.7149229,-6.404796,3.3142471,-2.3813767,-1.1021019,-3.7047446,0.510014,-1.6270016,-2.694202,-6.198177,0.11792358,-3.7084515,1.034017,2.6661577,7.333859,-5.3985105,-3.2705972,0.391493,0.86252135,-4.0158224,-2.5196106,-1.2447184,2.9616852,2.6928382,5.3704276,-1.2491211,-0.76241994,3.648611,2.1142635,-0.844106,-3.900041,3.7116907,-0.59059507
4.85468,-8.126137,1.8809751,-2.5749547,3.4654922,4.610795,2.6818802,4.230895,-5.432558,-3.482657,3.389119,9.60474,1.1562413,2.0734584,1.9460539,3.45769,2.001267,0.85354877,-6.6330504,2.4793274,-6.775508,-1.2394089,-1.2311366,10.486999,0.73697364,0.32887796,-9.794161,-0.893932,-7.4968147,2.379692,2.771391,5.30609,-7.037749,-5.3923974,-0.25004947,3.6815877,-0.16486193,-2.35423,7.167776,9.103856,1.8880522,5.2935505,-2.219035,-3.6273875,4.5576515,-1.4707894,2.0882215,-5.7890215,1.029411,3.3186226
-0.98348546,-6.3026485,4.882271,-3.3931522,-1.4965199,2.5260751,0.89475924,4.3737326,-5.1571593,-0.5839172,1.0175848,3.2582138,-0.5212867,-2.3236542,-0.86523104,-3.5502615,2.5767074,0.6197285,-7.2896423,3.6107473,-2.4016223,-1.6198019,-3.5472114,0.97606844,-1.2539675,-2.7944863,-6.864001,0.407225,-4.226356,1.2957523,3.19523,8.349844,-5.880064,-2.983335,0.5721071,0.71046406,-4.4575877,-2.7906964,-1.0162935,3.4942005,3.2396553,5.7559757,-0.7893304,-1.1251612,3.7906442,2.1862822,-0.758781,-4.6708574,3.590983,-0.7692445
0.75989133,-6.4302335,-1.2638423,-6.800253,-5.2259974,0.2671098,-0.91909856,1.9303629,1.6672742,0.3315033,-0.52826476,7.797595,0.06365429,-1.7576898,-3.2455072,2.1338608,2.661844,3.1378636,-4.505789,2.2305017,0.7384206,-6.6877656,2.2338583,9.22668,0.36193404,1.4355373,-2.319301,0.75376797,-2.922343,-4.160524,0.012985878,9.342414,-2.7690506,1.5578406,-2.767835,2.557772,1.9329921,-1.2199962,0.5405313,3.7004583,-0.16733338,8.251759,-2.0822046,0.072680235,-3.616146,-0.81555355,-0.11560736,-6.892876,0.43978167,-0.6755471
-2.0900595,-0.8529479,-2.1865208,-1.9021469,-3.0133116,0.24884383,-0.56048137,1.8698853,0.9447125,-0.3024655,3.477165,0.039954677,-1.4328988,-1.0568603,0.19380146,-0.6195842,0.8578069,1.1709175,-2.911243,0.37892893,0.45216975,-0.74256825,-1.4631444,3.7525713,-0.82341754,-1.2332565,-3.1935585,-0.7386154,-3.391416,-0.04404974,2.180915,3.063741,-1.6163346,0.1949347,-1.9093604,-0.13196816,-0.97071064,-1.8357432,-0.6153084,1.6158057,-2.9459608,0.28139684,-5.463915,2.1690547,-0.4724828,1.192683,0.41830873,0.41913065,3.2441802,0.39776978
-2.6788821,-1.4654511,-1.799908,-2.8382547,-4.89419,-0.6861443,-1.9944357,2.5583086,0.93571305,0.9623373,2.0008912,2.8941963,-0.037020724,1.7782367,1.6602552,-2.4716508,1.9625089,-1.5294913,-3.12829,-1.4406048,-3.2293196,-2.1787157,0.8616016,4.2038493,3.5658016,-2.4313428,2.639602,-0.5033618,-3.9044387,1.7599499,6.2821317,2.406304,1.2776275,4.4624233,-0.67167765,-1.2599363,-2.5012102,2.4390333,-0.46781978,3.1769423,-5.593812,2.1782222,-4.339194,-1.493861,-2.1758149,2.1981215,0.4754792,1.41994,3.9513397,-2.7552638
-0.15287112,-2.63106,-1.8838075,-1.7515167,-1.0575122,0.66605014,-1.1551352,2.4064088,-0.8535703,-1.102136,1.7949708,1.5663586,-0.7378298,2.5327818,2.3769772,-0.170989,-0.41727406,-1.0142099,-1.6784263,0.11216095,-1.4657406,-2.4822288,-0.41901284,3.9592304,1.0047578,-0.9391984,-1.6580597,-1.1683056,-2.051711,-1.3012525,2.7441494,2.4250648,0.48930433,2.4818585,-0.77731884,-0.008439068,-1.1743988,-1.2547963,2.5352395,1.8867265,-1.6315806,0.04805736,-2.4081643,-1.1317701,0.4703559,-0.18617181,2.2453187,-1.0227616,2.7993338,0.47125265
-1.8900542,0.6375957,-1.8445529,-1.7854717,-5.0273085,-2.434985,-1.9050717,3.0081682,0.8952982,0.48896068,2.4302855,3.319203,0.3866557,2.6501799,2.8355508,-1.642388,3.4300132,0.23096287,-3.4262915,0.36250907,-0.26676863,-2.3585114,-1.0741569,2.2076297,-2.3796592,1.0011905,-0.11710249,-0.4883546,-4.118454,0.016990155,4.917692,1.9919653,0.93107325,4.4538393,0.40492687,-0.9190922,-0.55803424,0.15332524,2.4899266,2.9942071,-3.215257,1.3157837,-4.080373,-0.3913294,-0.50347656,2.5810013,1.5388912,0.6373103,1.1310135,-1.7433842
-1.1424602,1.4786558,-3.5840437,-3.242674,0.029057434,-0.060179766,-1.3601637,-0.117790595,0.2653661,3.4487693,-0.5687656,0.8633154,1.7525887,0.8807688,-0.56063557,-3.608499,3.9565532,1.4835937,-4.100503,-2.5431695,-1.8128057,-0.741785,-1.8479624,3.6811879,1.3085968,2.5993085,0.7162347,-3.3383806,-0.84984183,-1.2015023,4.5756087,1.5919206,1.870273,-0.9979264,0.93715703,1.7184628,-0.5794136,-0.9731925,-3.0267694,2.4250212,-2.0750067,1.717094,-5.397999,-3.6609454,1.3050799,5.1190166,-0.93371916,-0.8818886,1.6177576,1.6508533
-2.2305155,-1.7323377,-0.57925695,-5.0039997,-0.36843663,0.45766804,-3.0956454,-2.707727,-0.82238024,1.2745229,-1.2535235,0.8556241,2.203338,2.6141188,-0.6110953,-0.5438972,5.233565,2.0273972,-3.6871233,-1.3511633,-2.2758713,1.5128938,-1.8974754,4.1335344,3.4698582,1.6953292,3.7580473,-4.4338703,-1.0733216,-0.5926494,4.9119706,0.66506034,-0.023432778,-0.6001126,1.7584864,2.0570605,0.31264612,-1.4349433,-1.8068585,3.7431827,0.032992076,2.7162497,-4.3919387,-4.504735,0.95095253,5.135114,-0.36908683,-3.2069407,3.123378,0.18462531
-1.8207756,-2.6352503,-1.7334257,-5.4129157,-1.2187809,1.0591091,-3.049572,-3.0782423,-1.5719742,1.553798,-2.2413714,1.0661104,0.7657841,1.7107109,-1.8356413,-1.8298173,3.1805782,2.0357697,-1.3079622,-1.4300995,-0.7170442,1.1222762,-3.286394,3.9329534,3.735439,0.47746807,1.9392061,-3.3698401,-0.2887608,-1.5270138,2.2857103,1.6885232,-3.7563555,-2.2464797,2.6500416,1.1733795,3.695146,-3.1405687,-0.9099001,1.8855946,-0.9837974,3.1761281,-3.607297,-2.308304,-0.18248618,3.6200697,-1.2354008,-3.8117352,4.6788225,2.6765122
-2.5223725,-2.0683115,-2.6170862,-2.5776837,1.0294585,2.7319546,-1.0089661,-2.9756463,-0.9700722,2.6485095,-3.8775682,2.9155827,2.6377816,1.1325632,-1.2736064,-1.1546471,2.3450148,2.6824448,-2.5821207,-1.705037,-1.8358449,1.2618492,-0.67870504,4.016976,2.0629635,0.8648316,0.7577033,-2.5981956,-0.7957911,-1.0076897,2.9811466,2.181227,-1.3238142,-2.8036091,2.2922175,2.9951673,3.2439926,-0.86736417,0.43260407,0.94599915,-1.7959131,3.8541298,-4.0399294,-2.8976295,-0.31227818,2.0252786,0.25599873,-1.9258617,4.7568474,2.9769185
1.378554,-5.309443,0.44545513,-4.317452,-1.6772531,-0.3122319,-2.104099,0.669872,-1.2857542,-1.3486325,-2.338407,-1.1544241,1.5128216,-0.7631975,2.6667998,-2.5943666,3.751294,-1.4345613,-2.4678178,-2.567228,-3.7640033,3.2101355,0.7742987,0.24619873,4.1340556,-1.1116508,1.0412745,-2.9777393,-1.1168969,-0.36924556,6.3562236,2.4221196,-1.9149209,2.2089064,3.0755324,2.1777554,1.1394224,-1.6367034,1.2381474,3.2641392,2.3055317,-2.2118657,-4.377977,-4.712283,2.1287477,3.7502892,1.9638913,-4.4394474,4.4049263,-2.8382652
-2.2869897,2.369363,-0.44979775,-1.465268,-3.6654286,2.3772373,-0.4729514,1.0356729,-0.87413436,0.18975945,4.4309893,2.7827847,1.9594318,-1.4590144,2.960353,-2.1746602,0.13723867,1.288976,-2.730313,-5.4267917,-1.3410184,-0.87070966,-1.5747912,3.4357445,-3.4760392,2.6254313,1.5691279,-0.73315054,-4.778678,-2.5110283,3.4412565,1.0129129,-3.3837218,1.1142347,1.4645818,-1.6682119,3.608807,-1.3547171,2.1939838,0.98147964,-1.312373,3.5219553,-0.7665551,-3.8619413,1.6710238,3.1454217,-0.6987745,-1.1430172,4.6209865,0.4367395
-2.8891506,3.4093473,0.9734365,-2.9595647,-5.1606355,1.7728764,-4.5722637,1.8808868,0.27373374,1.6202543,6.9116755,2.9179974,-4.4035387,0.46200648,7.091423,-4.218167,-1.8293645,0.9290757,-7.030629,-5.4566927,-1.1966482,-0.67516583,-2.990149,3.1757696,-2.2543385,-1.363306,-4.017981,-4.0516925,-4.2326345,-4.8008213,2.2888544,4.923275,2.658921,3.678132,2.8286684,-4.2036047,-3.098762,-0.9754503,3.2720253,2.595736,-0.76685506,3.6850102,-3.7721486,-3.9875998,0.85251987,4.780154,-0.6142029,-1.7111228,3.312914,-1.0542684
-1.2651674,-0.81985015,-0.36121318,-1.7244895,0.26126713,5.7669907,-8.117717,6.9388986,1.1050676,1.2554598,4.1634665,1.9814357,-5.370755,0.28094918,7.0788503,-3.6347947,-2.086171,-3.8371193,-4.0848427,-5.549568,-5.9647865,-2.7816246,-2.1622148,2.3885171,5.8029056,-1.1383815,-5.193627,-3.5943136,4.112748,-4.289979,4.51037,7.364346,2.3080363,4.478985,2.3395467,-2.4450533,-2.987573,-0.49932948,0.5464959,5.0713,-2.7590783,5.1985197,-3.9631975,-2.9494827,-1.3202057,2.9408762,2.6761875,-3.169826,4.4616694,1.7612036
-1.8909191,1.6973467,0.3830064,-2.1043286,-3.8854532,0.8936037,-0.42696103,1.8737838,-2.5208495,0.5973904,2.8514895,1.7299122,1.2145307,-2.6118877,2.3737354,-4.050523,0.053106554,-0.046953395,-3.7390132,-5.1633086,-0.09885684,-0.6440481,-0.77621365,2.6028557,-1.8042343,1.6055222,1.659383,-0.9696572,-3.6688685,-1.1544117,3.5614848,0.37105373,-2.4226215,1.3460041,2.044263,-0.7467614,1.5025028,-0.17786908,2.6074,1.1296457,-0.8081142,2.231002,0.18896782,-3.1904798,0.6916742,2.30085,-0.45470607,-0.50373167,3.7793608,-0.37813342
-1.9997718,4.836072,-2.362575,-3.406199,-6.2245607,-0.08175215,-2.4626324,1.8560575,-1.8664849,3.3965435,3.559056,0.965466,-4.7600975,0.099463925,7.1581335,-0.9479373,-0.82315046,-0.14161925,-4.157665,-3.648053,-0.5315522,-2.2823944,-2.6098158,0.32695317,-4.765239,0.34768626,-0.6285444,-2.2970355,-3.2322142,-0.15876693,3.3281686,2.7651906,-0.3701192,2.3992033,2.1187255,-3.6589172,-1.2403176,-3.0058053,2.457333,3.0387752,4.352106,-0.45444465,-3.8928978,-5.245494,2.4120772,6.2939687,0.3742933,-3.308959,3.715979,-0.6241997
-0.42440635,-0.55978924,-2.9137282,2.8480134,-4.527245,-4.6347985,4.715368,8.338529,-2.706239,0.29542202,-3.9257817,5.892599,0.69325143,-7.7362213,1.3544121,-2.9246078,8.409827,-1.2652899,-7.5162063,-7.0937514,-2.819657,-7.972752,-1.1682153,7.150681,2.0244844,1.222611,0.12771554,0.9760243,-5.883636,1.5874971,7.237826,-1.4673104,-7.0347185,5.334589,7.0875077,-6.476575,-0.65897495,3.7803085,-2.629055,7.8959785,0.97511834,10.554272,0.4608952,-5.371578,-5.455351,4.6919103,-7.06989,3.908105,4.28267,1.2282755
-6.012896,-0.83058673,2.4607918,-3.7301073,-0.9258324,-3.6256247,-1.7150532,5.460984,-5.191046,8.069805,2.0294771,9.999546,5.408181,4.9953923,1.9478824,-0.51950485,1.6309938,4.0514483,-11.636266,-0.88712674,-4.1320434,-8.305281,-7.9407325,7.3270874,-2.1243255,2.5125866,-3.2493994,-9.142455,2.1839423,-2.4086719,-1.4207671,-1.82175,3.3784232,-0.24281006,2.0107977,-3.3918233,-2.8766854,6.0467873,6.016356,5.5484805,-2.5878017,-1.5936325,-0.22997601,-1.7157182,0.30358034,-0.7432174,0.07560261,-6.5868993,0.119554214,-6.370839
0.57738626,-0.6000034,-4.6544304,-9.825441,-2.139132,-0.32456732,-0.50294036,3.7972329,-0.35285208,2.1835456,8.581988,1.7912204,-2.213868,5.1749673,-6.8241534,-5.6870666,5.761097,3.3485641,-9.306184,4.0747337,2.1444454,-4.4564104,-5.1589675,7.34525,0.40714258,-3.1706264,-1.9561316,-2.8031204,-4.6607842,5.662828,10.752402,-1.3403729,-1.0584283,1.9147549,1.9636893,-0.04628745,-2.3328705,6.308614,0.63765275,11.336819,-11.324229,1.8157233,-11.705602,4.557972,-2.3734095,6.545359,3.6731,-1.9282346,2.010122,-6.4075723
-0.66604656,0.68247414,-1.6832945,-2.666882,1.4175245,0.8639464,-0.71906614,2.732769,-3.9419103,2.38321,3.4466496,1.7937582,0.37845358,-0.3696079,-2.9799583,0.96506035,0.75267214,3.272803,-2.1639864,-2.1423562,-3.3063722,-0.9326066,-2.7266536,-1.0319359,-0.82203734,2.1512861,-0.3325304,0.44176888,1.1460564,3.5618722,4.4629235,0.16263115,-1.2628392,0.067012966,1.1641729,-0.3812161,2.380442,0.060976855,3.2197888,2.4195068,-2.04083,2.293396,-2.6251967,-1.9978715,1.3817685,1.687538,1.1106763,-1.6107507,4.407321,2.0047143
-1.7430727,1.1390814,0.31496474,-1.2612754,-1.5394568,-1.5370156,1.2258676,-0.13590334,-2.3441043,-0.041847672,0.5265709,1.4787201,1.4598949,1.8604105,-0.26909387,-2.5401902,1.6179717,1.0202609,-4.74399,-1.0488845,-0.31716818,-0.760694,-1.9463959,3.4775994,0.13171498,0.54291004,-0.49123594,-1.2572694,-3.0214174,-2.1806467,4.088518,3.7578187,-2.7772317,-0.48322228,1.0027875,0.072059885,0.3384907,-1.365655,-0.017725166,0.24869461,-1.3301395,0.5512585,2.0995078,-2.4732938,2.2640283,1.3067373,-0.3721525,-0.34730488,1.3895173,0.7893342
-1.264136,0.5230077,-0.8682673,-1.6649457,-2.3295279,2.594215,-3.2335875,2.450743,0.8920596,1.0405692,3.7089884,0.74418944,-2.934058,0.3056525,3.152353,-0.9701253,-0.9721888,-0.4839271,-1.3642707,-2.6014695,-1.0045087,-0.7251058,-1.1964067,1.529638,0.7369297,-1.3253853,-1.9351432,-2.0292733,-0.46540934,-1.5541718,2.4581487,3.871114,-0.2526921,2.6038747,1.0905379,-2.1368136,-1.3174412,-1.650646,0.9864648,1.8512222,-0.97768074,2.4913301,-2.5448935,-1.9669976,-0.70310724,2.239856,0.37598494,-1.751988,2.9463556,1.5311525
0.50430804,-2.8571403,-1.7688769,-4.4624248,-2.5836039,-1.2522532,-1.2643228,0.90867305,-5.568526,2.0548322,-0.6502122,1.7022321,-1.0645704,0.9085705,0.46818528,-4.2501535,3.0787938,-1.0057305,-3.4306903,-3.2944427,-0.22602853,-1.5226873,-2.038239,0.7154961,1.6294638,2.9434116,-2.352939,0.36008176,0.30109146,1.0056983,1.1076922,2.3999107,-0.66172653,1.0144354,-0.13616008,5.0566835,1.0115505,-1.2475637,4.381519,1.6245275,0.8945963,0.34641853,-0.7636654,-0.91378474,-0.46912146,1.4909779,-0.9185365,-0.95221186,2.4380991,-0.35337976
0.93301195,-5.250718,-2.1345167,-4.938709,-3.4098592,-0.41790867,-0.7274972,2.1238241,-5.1160464,2.1349103,-0.50831467,2.345723,-1.7308825,-1.9413207,-0.6308643,-5.5148544,3.0180624,-3.1059604,-2.0086677,-2.6140468,1.8191769,-0.6496184,-0.7079122,0.80008006,0.48966634,0.33535877,-1.8686062,-0.788774,-0.95173705,1.7028406,1.3907561,2.3517485,-3.1947925,-0.43320608,-1.4989824,4.234236,-2.9429622,-2.994835,3.1422584,2.9159377,1.7680051,0.11423299,-2.7522075,-0.17076318,-1.3073876,2.6383073,-1.2820652,-0.88002354,3.6337042,-1.7307185
1.6234063,-6.377497,-2.2122374,-3.9630985,-4.15072,-1.0424167,-0.3331967,1.9395592,-5.7538304,2.040524,0.04043629,2.8789155,-2.753688,-0.26272187,1.034536,-5.191939,1.352029,-3.49139,-4.8079267,-5.3560734,1.7662464,-1.7752824,-0.7590048,2.577728,0.7962036,2.090982,-1.8357043,-0.03676827,-1.0695664,1.4467789,0.44683966,2.8164678,-0.32420295,1.0615188,-0.095311016,6.217078,-0.28307515,-1.2488073,5.0517826,3.186,1.4022484,1.9626805,-3.455087,-1.1975228,-2.1457994,2.1180854,-2.0367906,-0.7603539,3.2066398,-1.3524895
0.17583312,-4.9223237,-1.110587,-2.4802926,-2.4935184,-0.7748016,-0.5023976,4.8820224,-3.9395933,3.4520762,-1.2319368,1.8693254,1.6896015,-2.5246449,0.24430946,-2.79473,1.38258,-3.1944535,-2.8406436,-1.6679949,-0.019079085,-2.8682773,-0.1909944,1.4758122,1.1626769,0.8483954,-0.099465944,-5.2943773,-0.44352475,0.37887597,0.6012761,2.2066607,-2.9883034,1.1944087,-0.4648792,1.8196114,-4.1174474,-4.3456945,4.684829,2.3494875,3.3045743,-0.49070492,-0.39542544,-2.1987877,-1.5156244,0.26858607,-0.8245768,-1.3716698,4.2496176,-3.322743
1.1910384,-4.630711,-2.003289,-2.8403711,-2.1832254,-0.16077104,-0.8753708,3.4112048,-3.9713924,2.8848598,-1.4335023,1.8873568,0.7603566,-2.4329393,-0.8451268,-3.3366985,2.3187115,-3.2137308,-1.224608,-2.0463247,0.059724066,-2.1776783,-0.41495925,0.41952273,2.1961257,1.0966405,-0.7386063,-3.2398717,-0.11184117,1.7885982,1.3881898,1.9130572,-3.422176,1.2080449,-0.62408864,2.9781578,-2.6038194,-2.9804392,4.319251,2.6229997,1.9196694,0.5176321,-1.917809,-1.3378516,-1.8297179,1.0446349,-0.58217025,-0.63794315,4.035747,-2.260234
